,회차,추첨일,총판매금액,총1등당첨금,1등당첨게임수,게임당1등당첨금,1번번호,2번번호,3번번호,4번번호,5번번호,6번번호,보너스번호
0,1,2002-12-07,3681782000,863604600,0,0,10,23,29,33,37,40,16
1,2,2002-12-14,4904274000,0,1,2002006800,9,13,21,25,32,42,2
2,3,2002-12-21,4729342000,0,1,2000000000,11,16,19,21,27,31,30
3,4,2002-12-28,5271464000,1267147200,0,0,14,27,30,31,40,42,2
4,5,2003-01-04,6277102000,3041094900,0,0,16,24,29,40,41,42,3
5,6,2003-01-11,15305356000,0,1,6574451700,14,15,26,27,40,42,34
6,7,2003-01-18,12794890000,2600913000,0,0,2,9,16,25,26,40,42
7,8,2003-01-25,20751450000,7336896000,0,0,8,19,25,34,37,39,9
8,9,2003-02-01,73624020000,25803852000,0,0,2,4,16,17,36,39,14
9,10,2003-02-08,260856392000,0,13,6430437900,9,25,30,33,41,44,6
10,11,2003-02-15,91925306000,0,5,4780152300,1,7,36,37,41,42,14
11,12,2003-02-22,76255508000,0,12,1348845700,2,11,21,25,39,45,44
12,13,2003-03-01,66532136000,15599134800,0,0,22,23,25,37,38,42,26
13,14,2003-03-08,99838648000,0,4,9375048300,2,6,12,31,33,40,15
14,15,2003-03-15,73264910000,0,1,17014245000,3,4,16,30,31,37,13
15,16,2003-03-22,75777348000,0,4,4377146100,6,7,24,37,38,40,33
16,17,2003-03-29,72718152000,0,3,5349491200,3,4,9,17,32,37,1
17,18,2003-04-05,66371660000,15751560000,0,0,3,12,13,19,32,35,29
18,19,2003-04-12,105957818000,0,1,40722959400,6,30,38,39,40,43,26
19,20,2003-04-19,81056776000,0,1,19352212800,10,14,18,20,23,30,41
20,21,2003-04-26,84247142000,0,23,797475400,6,12,17,18,31,32,21
21,22,2003-05-03,79455152000,0,4,4552194900,4,5,6,8,17,39,25
22,23,2003-05-10,77374256000,0,4,4317947700,5,13,17,18,33,42,44
23,24,2003-05-17,78486634000,19010560200,0,0,7,8,27,29,36,43,6
24,25,2003-05-24,120073768000,0,2,24227745300,2,4,21,26,43,44,16
25,26,2003-05-31,80193026000,0,5,3495069900,4,5,7,18,20,25,31
26,27,2003-06-07,76145050000,0,2,9543982500,1,20,26,28,37,43,27
27,28,2003-06-14,75448366000,0,10,1700361100,9,18,23,25,35,37,1
28,29,2003-06-21,74523120000,0,5,3552594000,1,5,13,34,39,40,11
29,30,2003-06-28,72399690000,0,2,8728555500,8,17,20,35,36,44,4
30,31,2003-07-05,71317306000,0,2,8106672900,7,9,18,23,28,35,32
31,32,2003-07-12,71179198000,0,10,1634528300,6,14,19,25,34,44,11
32,33,2003-07-19,67457252000,0,1,14903517600,4,7,32,33,40,41,9
33,34,2003-07-26,69389894000,0,5,3056918000,9,26,35,37,40,42,2
34,35,2003-08-02,66143062000,0,3,5054598200,2,3,11,26,37,43,39
35,36,2003-08-09,66856686000,0,1,16014475800,1,10,23,26,28,40,31
36,37,2003-08-16,65509794000,0,3,4985999400,7,27,30,33,35,37,42
37,38,2003-08-23,67369284000,0,3,5374866400,16,17,22,30,37,43,36
38,39,2003-08-30,66094476000,0,6,2623748800,6,7,13,15,21,43,8
39,40,2003-09-06,65699086000,0,13,1147652400,7,13,18,19,25,26,6
40,41,2003-09-13,57624562000,13784904600,0,0,13,20,23,35,38,43,34
41,42,2003-09-20,119909740000,0,6,6899280100,17,18,19,21,23,32,1
42,43,2003-09-27,74686296000,0,1,17749630800,6,31,35,38,39,44,1
43,44,2003-10-04,69956950000,0,5,3362155800,3,11,21,30,38,45,39
44,45,2003-10-11,71216232000,0,2,8356417800,1,10,20,27,33,35,17
45,46,2003-10-18,68181568000,0,3,5327758800,8,13,15,23,31,38,39
46,47,2003-10-25,67756694000,0,5,3250042400,14,17,26,31,36,45,27
47,48,2003-11-01,65806832000,0,6,2415673600,6,10,18,26,37,38,3
48,49,2003-11-08,64501142000,0,7,1967504600,4,7,16,19,33,40,30
49,50,2003-11-15,65563234000,0,3,5227061400,2,10,12,15,22,44,1
50,51,2003-11-22,62553680000,0,6,2421117000,2,3,11,16,26,44,35
51,52,2003-11-29,64393446000,0,4,3900844900,2,4,15,16,20,29,1
52,53,2003-12-06,64996010000,0,3,5014371000,7,8,14,32,33,39,42
53,54,2003-12-13,63833006000,0,3,5148626600,1,8,21,27,36,39,37
54,55,2003-12-20,62195764000,0,2,7088799600,17,21,31,37,40,44,7
55,56,2003-12-27,65258932000,0,4,3777570900,10,14,30,31,33,37,19
56,57,2004-01-03,70132666000,0,4,4114411900,7,10,16,25,29,44,6
57,58,2004-01-10,66638136000,0,4,3676429200,10,24,25,33,40,44,1
58,59,2004-01-17,67563698000,0,4,4127587300,6,29,36,39,41,45,13
59,60,2004-01-24,65405936000,0,7,2172504600,2,8,25,36,39,42,11
60,61,2004-01-31,73312994000,0,5,3541038800,14,15,19,30,38,43,8
61,62,2004-02-07,66740368000,0,1,15817286400,3,8,15,27,29,35,21
62,63,2004-02-14,67074050000,0,2,7922245500,3,20,23,36,38,40,5
63,64,2004-02-21,65085154000,0,4,3899818000,14,15,18,21,26,36,39
64,65,2004-02-28,66685144000,0,4,3727945800,4,25,33,36,40,43,39
65,66,2004-03-06,63378796000,0,4,3685138200,2,3,7,17,22,24,45
66,67,2004-03-13,64314872000,0,7,2114436500,3,7,10,15,36,38,33
67,68,2004-03-20,63813236000,0,5,2945882100,10,12,15,16,26,39,38
68,69,2004-03-27,63711302000,0,3,4962712200,5,8,14,15,19,39,35
69,70,2004-04-03,63232578000,0,3,5031277800,5,19,22,25,28,43,26
70,71,2004-04-10,62889986000,14909209800,0,0,5,9,12,16,29,41,21
71,72,2004-04-17,125651214000,0,13,3260524600,2,4,11,17,26,27,1
72,73,2004-04-24,72635862000,0,6,2766662100,3,12,18,32,40,43,38
73,74,2004-05-01,68902158000,0,3,5284949800,6,15,17,18,35,40,23
74,75,2004-05-08,66138372000,0,4,3914616900,2,5,24,32,34,44,28
75,76,2004-05-15,65083924000,0,2,7451022600,1,3,15,22,25,37,43
76,77,2004-05-22,64420666000,0,3,5155758600,2,18,29,32,43,44,37
77,78,2004-05-29,61257794000,0,4,3519850000,10,13,25,29,33,35,38
78,79,2004-06-05,60390004000,0,4,3416443800,3,12,24,27,30,32,14
79,80,2004-06-12,60160440000,0,1,13809540000,17,18,24,25,26,30,1
80,81,2004-06-19,60983308000,0,5,2714288880,5,7,11,13,20,33,6
81,82,2004-06-26,61302808000,0,1,14562494400,1,2,3,14,27,42,39
82,83,2004-07-03,62512062000,0,2,7086948300,6,10,15,17,19,34,14
83,84,2004-07-10,62780760000,0,2,7669779000,16,23,27,34,42,45,11
84,85,2004-07-17,59451304000,0,4,3462109800,6,8,13,23,31,36,21
85,86,2004-07-24,59835968000,0,1,14252186400,2,12,37,39,41,45,33
86,87,2004-07-31,83793642000,0,11,1799358055,4,12,16,23,34,43,26
87,88,2004-08-07,51910612000,0,4,3069709650,1,17,20,24,30,41,27
88,89,2004-08-14,55102179000,0,3,4248321900,4,26,28,29,33,40,37
89,90,2004-08-21,55493544000,0,4,3291435300,17,20,29,35,38,44,10
90,91,2004-08-28,59061052000,0,4,3582902400,1,21,24,26,29,42,27
91,92,2004-09-04,58296001000,0,11,1233270846,3,14,24,33,35,36,17
92,93,2004-09-11,57236313000,0,6,2269178150,6,22,24,36,38,44,19
93,94,2004-09-18,57144729000,0,6,2245339950,5,32,34,40,41,45,6
94,95,2004-09-25,60077493000,0,8,1747741238,8,17,27,31,34,43,14
95,96,2004-10-02,54217572000,0,7,1847133515,1,3,8,21,22,31,20
96,97,2004-10-09,57713200000,0,9,1496214000,6,7,14,15,20,36,3
97,98,2004-10-16,56231084000,0,4,3177972300,6,9,16,23,24,32,43
98,99,2004-10-23,56207491000,0,6,2169219050,1,3,10,27,29,37,11
99,100,2004-10-30,56561977000,0,4,3315315525,1,7,11,23,37,42,6
100,101,2004-11-06,57585065000,0,5,2707297500,1,3,17,32,35,45,8
101,102,2004-11-13,56937962000,0,9,1457153067,17,22,24,26,35,40,42
102,103,2004-11-20,57420615000,0,8,1691589563,5,14,15,27,30,45,10
103,104,2004-11-27,56533705000,0,2,6610743750,17,32,33,34,42,44,35
104,105,2004-12-04,57479716000,0,4,3416781450,8,10,20,34,41,45,28
105,106,2004-12-11,57384485000,0,16,810461157,4,10,12,22,24,33,29
106,107,2004-12-18,57545202000,0,2,6679927800,1,4,5,6,9,31,17
107,108,2004-12-25,58875228000,0,7,1998900772,7,18,22,23,29,44,12
108,109,2005-01-01,62584098000,0,12,1246838200,1,5,34,36,42,44,33
109,110,2005-01-08,57625490000,0,3,4566262000,7,20,22,23,29,43,1
110,111,2005-01-15,57876999000,0,6,2199047450,7,18,31,33,36,40,27
111,112,2005-01-22,59292005000,0,9,1567271167,26,29,30,33,41,42,43
112,113,2005-01-29,59258248000,0,9,1561528934,4,9,28,33,36,45,26
113,114,2005-02-05,60079401000,0,6,2362345050,11,14,19,26,28,41,2
114,115,2005-02-12,59130557000,0,9,1488589567,1,2,6,9,25,28,31
115,116,2005-02-19,61606084000,0,7,1997747315,2,4,25,31,34,37,17
116,117,2005-02-26,59429610000,0,9,1558378334,5,10,22,34,36,44,35
117,118,2005-03-05,57171934000,0,10,1297989720,3,4,10,17,19,22,38
118,119,2005-03-12,57800632000,0,9,1474899400,3,11,13,14,17,21,38
119,120,2005-03-19,57418983000,0,3,4364530300,4,6,10,11,32,37,30
120,121,2005-03-26,57134544000,0,2,6839648100,12,28,30,34,38,43,9
121,122,2005-04-02,56171704000,0,9,1450073800,1,11,16,17,36,40,8
122,123,2005-04-09,54097448000,0,5,2532982680,7,17,18,28,30,45,27
123,124,2005-04-16,54180838000,0,9,1395936267,4,16,23,25,29,42,1
124,125,2005-04-23,53149705000,0,7,1754870786,2,8,32,33,35,36,18
125,126,2005-04-30,52748965000,0,9,1369301500,7,20,22,27,40,43,1
126,127,2005-05-07,50752603000,0,6,1965939150,3,5,10,29,32,43,35
127,128,2005-05-14,52310392000,0,6,2064043100,12,30,34,36,37,45,39
128,129,2005-05-21,51555754000,0,11,1093629655,19,23,25,28,38,42,17
129,130,2005-05-28,51359012000,0,4,3036496650,7,19,24,27,42,45,31
130,131,2005-06-04,50231773000,0,8,1451214488,8,10,11,14,15,21,37
131,132,2005-06-11,49921897000,0,4,2920473525,3,17,23,34,41,45,43
132,133,2005-06-18,50889926000,0,8,1450242600,4,7,15,18,23,26,13
133,134,2005-06-25,50445575000,0,5,2349155100,3,12,20,23,31,35,43
134,135,2005-07-02,51062672000,0,7,1717293515,6,14,22,28,35,39,16
135,136,2005-07-09,51144633000,0,6,1997694150,2,16,30,36,41,42,11
136,137,2005-07-16,49978654000,0,9,1270403467,7,9,20,25,36,39,15
137,138,2005-07-23,47688450000,0,5,2227152000,10,11,27,28,37,39,19
138,139,2005-07-30,48371085000,0,7,1650210215,9,11,15,20,28,43,13
139,140,2005-08-06,45983464000,0,5,2109462840,3,13,17,18,19,28,8
140,141,2005-08-13,48016958000,0,6,1900552400,8,12,29,31,42,43,2
141,142,2005-08-20,48012844000,0,11,1018265564,12,16,30,34,40,44,19
142,143,2005-08-27,49415357000,0,3,3954584700,26,27,28,42,43,45,8
143,144,2005-09-03,49202521000,0,8,1402440413,4,15,17,26,36,37,43
144,145,2005-09-10,48913832000,0,3,3797838200,2,3,13,20,27,44,9
145,146,2005-09-17,50677555000,0,2,6043415250,2,19,27,35,41,42,25
146,147,2005-09-24,50345605000,0,7,1700040215,4,6,13,21,40,42,36
147,148,2005-10-01,49523247000,0,5,2323596420,21,25,33,34,35,36,17
148,149,2005-10-08,48406950000,0,7,1639052143,2,11,21,34,41,42,27
149,150,2005-10-15,48763778000,0,4,2831645850,2,18,25,28,37,39,16
150,151,2005-10-22,47357067000,0,4,2716634025,1,2,10,13,18,19,15
151,152,2005-10-29,48180334000,0,5,2278131840,1,5,13,26,29,34,43
152,153,2005-11-05,47777735000,0,4,2730526125,3,8,11,12,13,36,33
153,154,2005-11-12,48022386000,0,4,2836628700,6,19,21,35,40,45,20
154,155,2005-11-19,46140202000,0,9,1193005734,16,19,20,32,33,41,4
155,156,2005-11-26,47344584000,0,8,1401099900,5,18,28,30,42,45,2
156,157,2005-12-03,46853365000,0,2,5484903750,19,26,30,33,35,39,37
157,158,2005-12-10,46368888000,0,10,1069544340,4,9,13,18,21,34,7
158,159,2005-12-17,44311926000,0,6,1755407300,1,18,30,41,42,43,32
159,160,2005-12-24,46833239000,0,2,5490805350,3,7,8,34,39,41,1
160,161,2005-12-31,53096453000,0,7,1996876272,22,34,36,40,42,45,44
161,162,2006-01-07,49050086000,0,5,2308265760,1,5,21,25,38,41,24
162,163,2006-01-14,49018952000,0,7,1629726515,7,11,26,28,29,44,16
163,164,2006-01-21,53052119000,0,3,4054937900,6,9,10,11,39,41,27
164,165,2006-01-28,58088118000,0,2,6767426700,5,13,18,19,22,42,31
165,166,2006-02-04,52157466000,0,11,1111299982,9,12,27,36,39,45,14
166,167,2006-02-11,52744392000,0,5,2491222920,24,27,28,30,36,39,4
167,168,2006-02-18,51496212000,0,5,2349946920,3,10,31,40,42,43,30
168,169,2006-02-25,52076183000,0,5,2482888380,16,27,35,37,43,45,19
169,170,2006-03-04,49718245000,0,6,1923108250,2,11,13,15,31,42,10
170,171,2006-03-11,50357474000,0,6,1961339700,4,16,25,29,34,35,1
171,172,2006-03-18,50758266000,0,11,1081154073,4,19,21,24,26,41,35
172,173,2006-03-25,52286521000,0,8,1487736788,3,9,24,30,33,34,18
173,174,2006-04-01,52340568000,0,7,1771103058,13,14,18,22,35,39,16
174,175,2006-04-08,50895147000,0,5,2371132620,19,26,28,31,33,36,17
175,176,2006-04-15,50488528000,0,5,2314663080,4,17,30,32,33,34,15
176,177,2006-04-22,50480325000,0,7,1693285500,1,10,13,16,37,43,6
177,178,2006-04-29,49582758000,0,5,2254621080,1,5,11,12,18,23,9
178,179,2006-05-06,47291694000,0,10,1081093920,5,9,17,25,39,43,32
179,180,2006-05-13,48895477000,0,2,5763371550,2,15,20,21,29,34,22
180,181,2006-05-20,49124446000,0,6,1941763300,14,21,23,32,40,45,44
181,182,2006-05-27,47222594000,0,3,3721439400,13,15,27,29,34,40,35
182,183,2006-06-03,45938460000,0,6,1777221500,2,18,24,34,40,42,5
183,184,2006-06-10,45503351000,0,6,1747753050,1,2,6,16,20,33,41
184,185,2006-06-17,45783088000,0,3,3522485800,1,2,4,8,19,38,14
185,186,2006-06-24,45484428000,0,9,1187882600,4,10,14,19,21,45,9
186,187,2006-07-01,45855961000,0,7,1544733900,1,2,8,18,29,38,42
187,188,2006-07-08,45176242000,0,3,3501405200,19,24,27,30,31,34,36
188,189,2006-07-15,43650551000,0,3,3461775100,8,14,32,35,37,45,28
189,190,2006-07-22,44864459000,0,6,1784159450,8,14,18,30,31,44,15
190,191,2006-07-29,44534869000,0,4,2577114675,5,6,24,25,32,37,8
191,192,2006-08-05,42035065000,0,4,2445348375,4,8,11,18,37,45,33
192,193,2006-08-12,43788477000,0,3,3404449700,6,14,18,26,36,39,13
193,194,2006-08-19,44511515000,0,4,2650567875,15,20,23,26,39,44,28
194,195,2006-08-26,44374725000,0,11,918992591,7,10,19,22,35,40,31
195,196,2006-09-02,45773496000,0,15,727876520,35,36,37,41,44,45,30
196,197,2006-09-09,45993306000,0,6,1803018300,7,12,16,34,42,45,4
197,198,2006-09-16,45614021000,0,6,1797855050,12,19,20,25,41,45,2
198,199,2006-09-23,45021068000,0,2,5344252200,14,21,22,25,30,36,43
199,200,2006-09-30,46640423000,0,8,1344616613,5,6,13,14,17,20,7
200,201,2006-10-07,42254768000,0,1,9719465400,3,11,24,38,39,44,26
201,202,2006-10-14,48304034000,0,6,1893391700,12,14,27,33,39,44,17
202,203,2006-10-21,47033359000,0,5,2164564740,1,3,11,24,30,32,7
203,204,2006-10-28,46077750000,0,8,1358347125,3,12,14,35,40,45,5
204,205,2006-11-04,46330516000,0,6,1835221800,1,3,21,29,35,37,30
205,206,2006-11-11,44326979000,0,5,2032859340,1,2,3,15,20,25,43
206,207,2006-11-18,45282336000,0,5,2104673760,3,11,14,31,32,37,38
207,208,2006-11-25,45516378000,0,6,1760767400,14,25,31,34,40,44,24
208,209,2006-12-02,43753377000,0,6,1660896350,2,7,18,20,24,33,37
209,210,2006-12-09,44757963000,0,2,5139085950,10,19,22,23,25,37,39
210,211,2006-12-16,45332675000,0,10,1035800250,12,13,17,20,33,41,8
211,212,2006-12-23,46139120000,0,4,2660747250,11,12,18,21,31,38,8
212,213,2006-12-30,48745094000,0,8,1376678025,2,3,4,5,20,24,42
213,214,2007-01-06,49195740000,0,8,1406980875,5,7,20,25,28,37,32
214,215,2007-01-13,47675761000,0,7,1587689615,2,3,7,15,43,44,4
215,216,2007-01-20,48342018000,0,13,848506108,7,16,17,33,36,40,1
216,217,2007-01-27,48260644000,0,7,1611246172,16,20,27,33,35,39,38
217,218,2007-02-03,47018314000,0,4,2779075800,1,8,14,18,29,44,20
218,219,2007-02-10,46903745000,0,9,1208409167,4,11,20,26,35,37,16
219,220,2007-02-17,50383399000,0,6,1958094950,5,11,19,21,34,43,31
220,221,2007-02-24,47674135000,0,6,1800104250,2,20,33,35,37,40,10
221,222,2007-03-03,47735197000,0,5,2275193820,5,7,28,29,39,43,44
222,223,2007-03-10,46036874000,0,7,1498170600,1,3,18,20,26,27,38
223,224,2007-03-17,46435109000,0,6,1808969950,4,19,26,27,30,42,7
224,225,2007-03-24,46352016000,0,6,1777201800,5,11,13,19,31,36,7
225,226,2007-03-31,45145643000,0,6,1744100150,2,6,8,14,21,22,34
226,227,2007-04-07,44444776000,0,2,5253542400,4,5,15,16,22,42,2
227,228,2007-04-14,44764100000,0,9,1146700334,17,25,35,36,39,44,23
228,229,2007-04-21,44762989000,0,7,1451441100,4,5,9,11,23,38,35
229,230,2007-04-28,44191351000,0,8,1292929163,5,11,14,29,32,33,12
230,231,2007-05-05,42355627000,0,9,1088365900,5,10,19,31,44,45,27
231,232,2007-05-12,43564632000,0,9,1110918400,8,9,10,12,24,44,35
232,233,2007-05-19,43516805000,0,10,999153750,4,6,13,17,28,40,39
233,234,2007-05-26,42814085000,0,4,2519743875,13,21,22,24,26,37,4
234,235,2007-06-02,43347391000,0,3,3433330100,21,22,26,27,31,37,8
235,236,2007-06-09,42941871000,0,2,5030040150,1,4,8,13,37,39,7
236,237,2007-06-16,43358287000,0,7,1440630729,1,11,17,21,24,44,33
237,238,2007-06-23,42952477000,0,9,1121660567,2,4,15,28,31,34,35
238,239,2007-06-30,43296565000,0,9,1134140167,11,15,24,39,41,44,7
239,240,2007-07-07,43603443000,0,2,5098251450,6,10,16,40,41,43,21
240,241,2007-07-14,43246894000,0,4,2552016300,2,16,24,27,28,35,21
241,242,2007-07-21,42679760000,0,8,1234542375,4,19,20,21,32,34,43
242,243,2007-07-28,41304830000,0,4,2408850000,2,12,17,19,28,42,34
243,244,2007-08-04,39411047000,0,1,9121583100,13,16,25,36,37,38,19
244,245,2007-08-11,41854623000,0,7,1382583129,9,11,27,31,32,38,22
245,246,2007-08-18,41453154000,0,5,1911774240,13,18,21,23,26,39,15
246,247,2007-08-25,42231698000,0,6,1669313900,12,15,28,36,39,40,13
247,248,2007-09-01,42348403000,0,8,1227479363,3,8,17,23,38,45,13
248,249,2007-09-08,42539134000,0,6,1663568700,3,8,27,31,41,44,11
249,250,2007-09-15,42122808000,0,5,1994726280,19,23,30,37,43,45,38
250,251,2007-09-22,44493014000,0,8,1282616400,6,7,19,25,28,38,45
251,252,2007-09-29,41207920000,0,7,1391089715,14,23,26,31,39,45,28
252,253,2007-10-06,42309347000,0,4,2466189525,8,19,25,31,34,36,33
253,254,2007-10-13,42259113000,0,1,9741015900,1,5,19,20,24,30,27
254,255,2007-10-20,41425341000,0,6,1598618550,1,5,6,24,27,42,32
255,256,2007-10-27,41996580000,0,2,4891017000,4,11,14,21,23,43,32
256,257,2007-11-03,41433637000,0,4,2391377025,6,13,27,31,32,37,4
257,258,2007-11-10,41364428000,0,4,2426434350,14,27,30,31,38,40,17
258,259,2007-11-17,40905570000,0,2,4838533500,4,5,14,35,42,45,34
259,260,2007-11-24,40140211000,0,4,2310085575,7,12,15,24,37,40,43
260,261,2007-12-01,41215041000,0,3,3192299100,6,11,16,18,31,43,2
261,262,2007-12-08,39232234000,0,2,4518741600,9,12,24,25,29,31,36
262,263,2007-12-15,39677128000,0,6,1551704900,1,27,28,32,37,40,18
263,264,2007-12-22,39783178000,0,7,1344889200,9,16,27,36,41,44,5
264,265,2007-12-29,40913922000,0,8,1200838575,5,9,34,37,38,39,12
265,266,2008-01-05,41937067000,0,3,3207211700,3,4,9,11,22,42,37
266,267,2008-01-12,41835853000,0,3,3257663300,7,8,24,34,36,41,1
267,268,2008-01-19,41213802000,0,7,1350954515,3,10,19,24,32,45,12
268,269,2008-01-26,41357619000,0,5,1961399940,5,18,20,36,42,43,32
269,270,2008-02-02,41845351000,0,5,1927830060,5,9,12,20,21,26,27
270,271,2008-02-09,40879633000,0,6,1565918150,3,8,9,27,29,40,36
271,272,2008-02-16,43310674000,0,9,1104622800,7,9,12,27,39,43,28
272,273,2008-02-23,42816211000,0,3,3339543100,1,8,24,31,34,44,6
273,274,2008-03-01,42631711000,0,4,2505085575,13,14,15,26,35,39,25
274,275,2008-03-08,42329813000,0,1,10044066900,14,19,20,35,38,40,26
275,276,2008-03-15,42567610000,0,3,3312569000,4,15,21,33,39,41,25
276,277,2008-03-22,41868708000,0,3,3272627800,10,12,13,15,25,29,20
277,278,2008-03-29,41088180000,0,3,3186530000,3,11,37,39,41,43,13
278,279,2008-04-05,41130542000,0,5,1914205320,7,16,31,36,37,38,11
279,280,2008-04-12,40673999000,0,7,1355258529,10,11,23,24,36,37,35
280,281,2008-04-19,40800514000,0,6,1554683200,1,3,4,6,14,41,12
281,282,2008-04-26,41051175000,0,7,1322052643,2,5,10,18,31,32,30
282,283,2008-05-03,40133316000,0,3,3137224600,6,8,18,31,38,45,42
283,284,2008-05-10,39773403000,0,3,3117640300,2,7,15,24,30,45,28
284,285,2008-05-17,40364871000,0,3,3164370100,13,33,37,40,41,45,2
285,286,2008-05-24,40944483000,0,3,3236566300,1,15,19,40,42,44,17
286,287,2008-05-31,40623489000,0,7,1328657100,6,12,24,27,35,37,41
287,288,2008-06-07,39970134000,0,4,2357261550,1,12,17,28,35,41,10
288,289,2008-06-14,39406643000,9181683900,0,0,3,14,33,37,38,42,10
289,290,2008-06-21,80362302000,0,13,2149214424,8,13,18,32,39,45,7
290,291,2008-06-28,44143418000,0,7,1450585200,3,7,8,18,20,42,45
291,292,2008-07-05,43394631000,0,14,720373950,17,18,31,32,33,34,10
292,293,2008-07-12,42399708000,0,6,1656764400,1,9,17,21,29,33,24
293,294,2008-07-19,41563813000,9626019900,4,2406504975,6,10,17,30,37,38,40
294,295,2008-07-26,42248135000,9823300500,0,0,1,4,12,16,18,38,8
295,296,2008-08-02,63377899000,24528706200,8,3066088275,3,8,15,27,30,45,44
296,297,2008-08-09,43641475000,10113337500,2,5056668750,6,11,19,20,28,32,34
297,298,2008-08-16,43151675000,9909778500,1,9909778500,5,9,27,29,37,40,19
298,299,2008-08-23,44463909000,10386407700,7,1483772529,1,3,20,25,36,45,24
299,300,2008-08-30,44465047000,10033109100,12,836092425,7,9,10,12,26,38,39
300,301,2008-09-06,44377177000,10131695100,7,1447385015,7,11,13,33,37,43,26
301,302,2008-09-13,46382605000,10944334500,2,5472167250,13,19,20,32,38,42,4
302,303,2008-09-20,42841760000,10036494000,6,1672749000,2,14,17,30,38,45,43
303,304,2008-09-27,43158653000,9969876900,6,1661646150,4,10,16,26,33,41,38
304,305,2008-10-04,43960659000,10041050700,5,2008210140,7,8,18,21,23,39,9
305,306,2008-10-11,44421462000,10513347600,5,2102669520,4,18,23,30,34,41,19
306,307,2008-10-18,43880990000,10350573000,4,2587643250,5,15,21,23,25,45,12
307,308,2008-10-25,43339416000,10232872800,1,10232872800,14,15,17,19,37,45,40
308,309,2008-11-01,44157528000,9917852400,11,901622946,1,2,5,11,18,36,22
309,310,2008-11-08,43718082000,10373706600,8,1296713325,1,5,19,28,34,41,16
310,311,2008-11-15,43209215000,9901528500,8,1237691063,4,12,24,27,28,32,10
311,312,2008-11-22,42255391000,9435267300,15,629017820,2,3,5,6,12,20,25
312,313,2008-11-29,43672096000,10292536800,6,1715422800,9,17,34,35,43,45,2
313,314,2008-12-06,42328094000,9963073200,6,1660512200,15,17,19,34,38,41,2
314,315,2008-12-13,44339180000,10469829000,8,1308728625,1,13,33,35,43,45,23
315,316,2008-12-20,44073768000,10041518400,6,1673586400,10,11,21,27,31,39,43
316,317,2008-12-27,44135114000,10305034200,4,2576258550,3,10,11,22,36,39,8
317,318,2009-01-03,46663728000,10866929400,9,1207436600,2,17,19,20,34,45,21
318,319,2009-01-10,45435183000,10678296900,5,2135659380,5,8,22,28,33,42,37
319,320,2009-01-17,46659886000,11026135800,2,5513067900,16,19,23,25,41,45,3
320,321,2009-01-24,50617982000,11754816600,6,1959136100,12,18,20,21,25,34,42
321,322,2009-01-31,48948294000,11427268200,6,1904544700,9,18,29,32,38,43,20
322,323,2009-02-07,49209477000,11688203100,8,1461025388,10,14,15,32,36,42,3
323,324,2009-02-14,47988317000,11190782100,6,1865130350,2,4,21,25,33,36,17
324,325,2009-02-21,46636979000,10836734700,6,1806122450,7,17,20,32,44,45,33
325,326,2009-02-28,47224551000,10992807300,6,1832134550,16,23,25,33,36,39,40
326,327,2009-03-07,45791560000,10592097000,12,882674750,6,12,13,17,32,44,24
327,328,2009-03-14,47316988000,10918775400,6,1819795900,1,6,9,16,17,28,24
328,329,2009-03-21,47198504000,10982347200,6,1830391200,9,17,19,30,35,42,4
329,330,2009-03-28,45859496000,10460521800,9,1162280200,3,4,16,17,19,20,23
330,331,2009-04-04,46641467000,10829513100,5,2165902620,4,9,14,26,31,44,39
331,332,2009-04-11,46042557000,10875587100,8,1359448388,16,17,34,36,42,45,3
332,333,2009-04-18,46019070000,10856910000,7,1550987143,5,14,27,30,39,43,35
333,334,2009-04-25,44439656000,10661020800,7,1523002972,13,15,21,29,39,43,33
334,335,2009-05-02,43977478000,10187462400,5,2037492480,5,9,16,23,26,45,21
335,336,2009-05-09,43069333000,10113795900,6,1685632650,3,5,20,34,35,44,16
336,337,2009-05-16,43432467000,10060004100,8,1257500513,1,5,14,18,32,37,4
337,338,2009-05-23,43136020000,10150293000,3,3383431000,2,13,34,38,42,45,16
338,339,2009-05-30,42035640000,9871005000,9,1096778334,6,8,14,21,30,37,45
339,340,2009-06-06,42892121000,10075752300,7,1439393186,18,24,26,29,34,38,32
340,341,2009-06-13,44722448000,10480454400,7,1497207772,1,8,19,34,39,43,41
341,342,2009-06-20,43782188000,10362287400,3,3454095800,1,13,14,33,34,43,25
342,343,2009-06-27,43656460000,10302918000,6,1717153000,1,10,17,29,31,43,15
343,344,2009-07-04,43838886000,10269745800,7,1467106543,1,2,15,28,34,45,38
344,345,2009-07-11,43530937000,10407155100,2,5203577550,15,20,23,29,39,42,2
345,346,2009-07-18,42862389000,10088636700,5,2017727340,5,13,14,22,44,45,33
346,347,2009-07-25,44219740000,10196370000,7,1456624286,3,8,13,27,32,42,10
347,348,2009-08-01,42786310000,9899982000,3,3299994000,3,14,17,20,24,31,34
348,349,2009-08-08,43433870000,10059627000,3,3353209000,5,13,14,20,24,25,36
349,350,2009-08-15,42681094000,9909472200,9,1101052467,1,8,18,24,29,33,35
350,351,2009-08-22,43947492000,10333428600,4,2583357150,5,25,27,29,34,36,33
351,352,2009-08-29,44719545000,10397149500,6,1732858250,5,16,17,20,26,41,24
352,353,2009-09-05,44552925000,10581676500,2,5290838250,11,16,19,22,29,36,26
353,354,2009-09-12,44709689000,10622321700,5,2124464340,14,19,36,43,44,45,1
354,355,2009-09-19,45017050000,10727124000,5,2145424800,5,8,29,30,35,44,38
355,356,2009-09-26,44684958000,10414667400,9,1157185267,2,8,14,25,29,45,24
356,357,2009-10-03,45232409000,10626788700,2,5313394350,10,14,18,21,36,37,5
357,358,2009-10-10,45651829000,10417964700,3,3472654900,1,9,10,12,21,40,37
358,359,2009-10-17,45288256000,10293700800,8,1286712600,1,10,19,20,24,40,23
359,360,2009-10-24,45719032000,10700148600,3,3566716200,4,16,23,25,35,40,27
360,361,2009-10-31,45062676000,10311805800,7,1473115115,5,10,16,24,27,35,33
361,362,2009-11-07,44336363000,10376547900,6,1729424650,2,3,22,27,30,40,29
362,363,2009-11-14,44863948000,10463642400,4,2615910600,11,12,14,21,32,38,6
363,364,2009-11-21,44192004000,10127659200,4,2531914800,2,5,7,14,16,40,4
364,365,2009-11-28,45806066000,10697716800,1,10697716800,5,15,21,25,26,30,31
365,366,2009-12-05,45962166000,10703107800,2,5351553900,5,12,19,26,27,44,38
366,367,2009-12-12,46459307000,11072156100,7,1581736586,3,22,25,29,32,44,19
367,368,2009-12-19,43746046000,10260775800,7,1465825115,11,21,24,30,39,45,26
368,369,2009-12-26,46716275000,11053066500,6,1842177750,17,20,35,36,41,43,21
369,370,2010-01-02,49762652000,11752593600,7,1678941943,16,18,24,42,44,45,17
370,371,2010-01-09,45843166000,10668913800,7,1524130543,7,9,15,26,27,42,18
371,372,2010-01-16,46167066000,10733338800,9,1192593200,8,11,14,16,18,21,13
372,373,2010-01-23,47095065000,11167204500,4,2791801125,15,26,37,42,43,45,9
373,374,2010-01-30,48081319000,11057435700,2,5528717850,11,13,15,17,25,34,26
374,375,2010-02-06,47864938000,11068988400,7,1581284058,4,8,19,25,27,45,7
375,376,2010-02-13,50657096000,11741494800,6,1956915800,1,11,13,24,28,40,7
376,377,2010-02-20,49218434000,11736256200,3,3912085400,6,22,29,37,43,45,23
377,378,2010-02-27,48866964000,11588491200,5,2317698240,5,22,29,31,34,39,43
378,379,2010-03-06,47537685000,11192998500,7,1598999786,6,10,22,31,35,40,19
379,380,2010-03-13,47164371000,10737099300,4,2684274825,1,2,8,17,26,37,27
380,381,2010-03-20,47943113000,10749039900,19,565738895,1,5,10,12,16,20,11
381,382,2010-03-27,47401288000,11080049400,6,1846674900,10,15,22,24,27,42,19
382,383,2010-04-03,46067051000,10789566300,3,3596522100,4,15,28,33,37,40,25
383,384,2010-04-10,46888942000,10976202600,3,3658734200,11,22,24,32,36,38,7
384,385,2010-04-17,46243483000,10794228900,7,1542032700,7,12,19,21,29,32,9
385,386,2010-04-24,45907331000,10429533300,10,1042953330,4,7,10,19,31,40,26
386,387,2010-05-01,45459960000,10702134000,4,2675533500,1,26,31,34,40,43,20
387,388,2010-05-08,44308705000,10182175500,4,2545543875,1,8,9,17,29,32,45
388,389,2010-05-15,45534027000,10595135100,5,2119027020,7,16,18,20,23,26,3
389,390,2010-05-22,44189673000,10373997900,1,10373997900,16,17,28,37,39,40,15
390,391,2010-05-29,45161516000,10508749800,1,10508749800,10,11,18,22,28,39,30
391,392,2010-06-05,45528684000,10281172200,6,1713528700,1,3,7,8,24,42,43
392,393,2010-06-12,45989116000,10896031800,8,1362003975,9,16,28,40,41,43,21
393,394,2010-06-19,45192337000,10654349100,1,10654349100,1,13,20,22,25,28,15
394,395,2010-06-26,46192580000,10742445000,7,1534635000,11,15,20,26,31,35,7
395,396,2010-07-03,45463736000,10593244800,2,5296622400,18,20,31,34,40,45,30
396,397,2010-07-10,45890007000,10498559100,3,3499519700,12,13,17,22,25,33,8
397,398,2010-07-17,45427304000,10722502200,4,2680625550,10,15,20,23,42,44,7
398,399,2010-07-24,45551786000,10214839800,8,1276854975,1,2,9,17,19,42,20
399,400,2010-07-31,45379731000,10679337300,4,2669834325,9,21,27,34,41,43,2
400,401,2010-08-07,43491965000,10513933125,9,1168214792,6,12,18,31,38,43,9
401,402,2010-08-14,45002946000,10648824750,4,2662206188,5,9,15,19,22,36,32
402,403,2010-08-21,44911335000,10611984375,5,2122396875,10,14,22,24,28,37,26
403,404,2010-08-28,45389825000,10699978125,3,3566659375,5,20,21,24,33,40,36
404,405,2010-09-04,45220904000,10631634000,3,3543878000,1,2,10,25,26,44,4
405,406,2010-09-11,46062206000,10780712250,5,2156142450,7,12,21,24,27,36,45
406,407,2010-09-18,48429586000,11547951000,7,1649707286,6,7,13,16,24,25,1
407,408,2010-09-25,46406711000,11176879125,5,2235375825,9,20,21,22,30,37,16
408,409,2010-10-02,47924584000,11587959000,4,2896989750,6,9,21,31,32,40,38
409,410,2010-10-09,47467817000,11244021375,9,1249335709,1,3,18,32,40,41,16
410,411,2010-10-16,47259122000,11438730750,12,953227563,11,14,22,35,37,39,5
411,412,2010-10-23,47066180000,11593398750,7,1656199822,4,7,39,41,42,45,40
412,413,2010-10-30,46925724000,11258694000,4,2814673500,2,9,15,23,34,40,3
413,414,2010-11-06,46910990000,11703832500,1,11703832500,2,14,15,22,23,44,43
414,415,2010-11-13,46746048000,10673459250,8,1334182407,7,17,20,26,30,40,24
415,416,2010-11-20,46854806000,10720371000,10,1072037100,5,6,8,11,22,26,44
416,417,2010-11-27,45968256000,11273319750,4,2818329938,4,5,14,20,22,43,44
417,418,2010-12-04,47058055000,11485198125,8,1435649766,11,13,15,26,28,34,31
418,419,2010-12-11,46508296000,11389472250,3,3796490750,2,11,13,14,28,30,7
419,420,2010-12-18,47345476000,11398851000,8,1424856375,4,9,10,29,31,34,27
420,421,2010-12-25,47752021000,11605721625,5,2321144325,6,11,26,27,28,44,30
421,422,2011-01-01,52730602000,13231508250,6,2205251375,8,15,19,21,34,44,12
422,423,2011-01-08,49668311000,11688461625,3,3896153875,1,17,27,28,29,40,5
423,424,2011-01-15,48728445000,11094808125,10,1109480813,10,11,26,31,34,44,30
424,425,2011-01-22,50459694000,12278664000,8,1534833000,8,10,14,27,33,38,3
425,426,2011-01-29,51466592000,12228934500,4,3057233625,4,17,18,27,39,43,19
426,427,2011-02-05,52511055000,12571445625,1,12571445625,6,7,15,24,28,30,21
427,428,2011-02-12,54685007000,12939148875,9,1437683209,12,16,19,22,37,40,8
428,429,2011-02-19,53993833000,13373142375,9,1485904709,3,23,28,34,39,42,16
429,430,2011-02-26,53194872000,12894105750,8,1611763219,1,3,16,18,30,34,44
430,431,2011-03-05,51661947000,12684340125,10,1268434013,18,22,25,31,38,45,6
431,432,2011-03-12,52348574000,11497137750,5,2299427550,2,3,5,11,27,39,33
432,433,2011-03-19,52396606000,13005238500,11,1182294410,19,23,29,33,35,43,27
433,434,2011-03-26,51579439000,11840482125,8,1480060266,3,13,20,24,33,37,35
434,435,2011-04-02,52341267000,12875500125,10,1287550013,8,16,26,30,38,45,42
435,436,2011-04-09,50869017000,12098132625,8,1512266579,9,14,20,22,33,34,28
436,437,2011-04-16,50798417000,12577472625,6,2096245438,11,16,29,38,41,44,21
437,438,2011-04-23,50370042000,12394279500,9,1377142167,6,12,20,26,29,38,45
438,439,2011-04-30,49680708000,11400464250,6,1900077375,17,20,30,31,37,40,25
439,440,2011-05-07,49810778000,11975238000,6,1995873000,10,22,28,34,36,44,2
440,441,2011-05-14,50272122000,12681668250,4,3170417063,1,23,28,30,34,35,9
441,442,2011-05-21,51219943000,12720717375,9,1413413042,25,27,29,36,38,40,41
442,443,2011-05-28,51236072000,11948378250,9,1327597584,4,6,10,19,20,44,14
443,444,2011-06-04,50673529000,12462565875,3,4154188625,11,13,23,35,43,45,17
444,445,2011-06-11,50053080000,12541781250,7,1791683036,13,20,21,30,39,45,32
445,446,2011-06-18,50595241000,12153742875,3,4051247625,1,11,12,14,26,35,6
446,447,2011-06-25,49555042000,10631764500,4,2657941125,2,7,8,9,17,33,34
447,448,2011-07-02,51341262000,12078638250,3,4026212750,3,7,13,27,40,41,36
448,449,2011-07-09,50214272000,12179145750,3,4059715250,3,10,20,26,35,43,36
449,450,2011-07-16,49732036000,11942349750,6,1990391625,6,14,19,21,23,31,13
450,451,2011-07-23,49861167000,11467806375,13,882138952,12,15,20,24,30,38,29
451,452,2011-07-30,48456758000,11492118000,9,1276902000,8,10,18,30,32,34,27
452,453,2011-08-06,48055125000,11313661875,5,2262732375,12,24,33,38,40,42,30
453,454,2011-08-13,48389211000,11263879125,7,1609125590,13,25,27,34,38,41,10
454,455,2011-08-20,48769851000,11449980375,7,1635711483,4,19,20,26,30,35,24
455,456,2011-08-27,49420681000,11189535375,7,1598505054,1,7,12,18,23,27,44
456,457,2011-09-03,49679052000,11599028250,10,1159902825,8,10,18,23,27,40,33
457,458,2011-09-10,53778256000,12870501000,8,1608812625,4,9,10,32,36,40,18
458,459,2011-09-17,49890095000,11590895625,7,1655842233,4,6,10,14,25,40,12
459,460,2011-09-24,51917635000,12723583125,4,3180895782,8,11,28,30,43,45,41
460,461,2011-10-01,50624588000,11692049250,6,1948674875,11,18,26,31,37,40,43
461,462,2011-10-08,49325555000,11868474375,8,1483559297,3,20,24,32,37,45,4
462,463,2011-10-15,49205151000,12140599125,0,0,23,29,31,33,34,44,40
463,464,2011-10-22,126772274000,43624374375,13,3355721106,6,12,15,34,42,44,4
464,465,2011-10-29,57793294000,13465640250,7,1923662893,1,8,11,13,22,38,31
465,466,2011-11-05,58314753000,13772821125,9,1530313459,4,10,13,23,32,44,20
466,467,2011-11-12,57383906000,12918969750,9,1435441084,2,12,14,17,24,40,39
467,468,2011-11-19,55598552000,13744774500,9,1527197167,8,13,15,28,37,43,17
468,469,2011-11-26,53364940000,13320525000,4,3330131250,4,21,22,34,37,38,33
469,470,2011-12-03,53912965000,12999991875,3,4333330625,10,16,20,39,41,42,27
470,471,2011-12-10,53492340000,13575330000,7,1939332858,6,13,29,37,39,41,43
471,472,2011-12-17,51929207000,12667592625,7,1809656090,16,25,26,31,36,43,44
472,473,2011-12-24,52867236000,13001672250,4,3250418063,8,13,20,22,23,36,34
473,474,2011-12-31,58978482000,14050362000,15,936690800,4,13,18,31,33,45,43
474,475,2012-01-07,56043275000,13551384375,8,1693923047,1,9,14,16,21,29,3
475,476,2012-01-14,55591819000,13759405875,4,3439851469,9,12,13,15,37,38,27
476,477,2012-01-21,60801409000,15352094625,8,1919011829,14,25,29,32,33,45,37
477,478,2012-01-28,54975901000,13821146626,14,987224759,18,29,30,37,39,43,8
478,479,2012-02-04,54848834000,13398279000,6,2233046500,8,23,25,27,35,44,24
479,480,2012-02-11,55415681000,11986969125,4,2996742282,3,5,10,17,30,31,16
480,481,2012-02-18,55642616000,13918067250,3,4639355750,3,4,23,29,40,41,20
481,482,2012-02-25,56201452000,13285448250,7,1897921179,1,10,16,24,25,35,43
482,483,2012-03-03,55582659000,12835983375,5,2567196675,12,15,19,22,28,34,5
483,484,2012-03-10,55885979000,13831818375,6,2305303063,1,3,27,28,32,45,11
484,485,2012-03-17,55692878000,13513274250,9,1501474917,17,22,26,27,36,39,20
485,486,2012-03-24,54540823000,13112243625,13,1008634125,1,2,23,25,38,40,43
486,487,2012-03-31,55276503000,13110646125,8,1638830766,4,8,25,27,37,41,21
487,488,2012-04-07,54213092000,13303935750,10,1330393575,2,8,17,30,31,38,25
488,489,2012-04-14,53558490000,12638163750,6,2106360625,2,4,8,15,20,27,11
489,490,2012-04-21,52590121000,13021639125,7,1860234161,2,7,26,29,40,43,42
490,491,2012-04-28,53413874000,13218537750,4,3304634438,8,17,35,36,39,42,4
491,492,2012-05-05,51693454000,12465069000,5,2493013800,22,27,31,35,37,40,42
492,493,2012-05-12,53231838000,13060083000,9,1451120334,20,22,26,33,36,37,25
493,494,2012-05-19,53321589000,12655060875,12,1054588407,5,7,8,15,30,43,22
494,495,2012-05-26,53645960000,12669870000,6,2111645000,4,13,22,27,34,44,6
495,496,2012-06-02,52915804000,13143729000,4,3285932250,4,13,20,29,36,41,39
496,497,2012-06-09,52411585000,13336906875,6,2222817813,19,20,23,24,43,44,13
497,498,2012-06-16,52851253000,12978012375,4,3244503094,13,14,24,32,39,41,3
498,499,2012-06-23,52767632000,12211440750,3,4070480250,5,20,23,27,35,40,43
499,500,2012-06-30,54012267000,12159651375,9,1351072375,3,4,12,20,24,34,41
500,501,2012-07-07,52717711000,12100800375,4,3025200094,1,4,10,17,31,42,2
501,502,2012-07-14,54000640000,13208748750,6,2201458125,6,22,28,32,34,40,26
502,503,2012-07-21,53572205000,12975444375,7,1853634911,1,5,27,30,34,36,40
503,504,2012-07-28,51787037000,12989132625,9,1443236959,6,14,22,26,43,44,31
504,505,2012-08-04,49103223000,11507731125,6,1917955188,7,20,22,25,38,40,44
505,506,2012-08-11,52363311000,12220001625,3,4073333875,6,9,11,22,24,30,31
506,507,2012-08-18,53638773000,12747949875,9,1416438875,12,13,32,33,40,41,4
507,508,2012-08-25,54010391000,12796462875,8,1599557860,5,27,31,34,35,43,37
508,509,2012-09-01,53390358000,13445380500,5,2689076100,12,25,29,35,42,43,24
509,510,2012-09-08,53964992000,13220790750,5,2644158150,12,29,32,33,39,40,42
510,511,2012-09-15,53970308000,12993475500,6,2165579250,3,7,14,23,26,42,24
511,512,2012-09-22,54017801000,12221227875,13,940094452,4,5,9,13,26,27,1
512,513,2012-09-29,58317548000,13768874250,3,4589624750,5,8,21,23,27,33,12
513,514,2012-10-06,54452404000,13353166500,3,4451055500,1,15,20,26,35,42,9
514,515,2012-10-13,55258935000,13200466875,1,13200466875,2,11,12,15,23,37,8
515,516,2012-10-20,56385762000,14236092000,11,1294190182,2,8,23,41,43,44,30
516,517,2012-10-27,54468223000,13295288625,5,2659057725,1,9,12,28,36,41,10
517,518,2012-11-03,55321566000,13582824750,6,2263804125,14,23,30,32,34,38,6
518,519,2012-11-10,55614206000,13654209750,7,1950601393,6,8,13,16,30,43,3
519,520,2012-11-17,55003797000,13003232625,6,2167205438,4,22,27,28,38,40,1
520,521,2012-11-24,56185373000,13547367375,8,1693420922,3,7,18,29,32,36,19
521,522,2012-12-01,57053378000,13689738000,6,2281623000,4,5,13,14,37,41,11
522,523,2012-12-08,53678449000,12462490875,7,1780355840,1,4,37,38,40,45,7
523,524,2012-12-15,55662103000,13966782375,4,3491695594,10,11,29,38,41,45,21
524,525,2012-12-22,55566007000,13510191375,9,1501132375,11,23,26,29,39,44,22
525,526,2012-12-29,56527807000,13419287625,9,1491031959,7,14,17,20,35,39,31
526,527,2013-01-05,56985634000,13421022750,13,1032386366,1,12,22,32,33,42,38
527,528,2013-01-12,57548541000,13176780375,11,1197889125,5,17,25,31,39,40,10
528,529,2013-01-19,57645779000,13992918375,8,1749114797,18,20,24,27,31,42,39
529,530,2013-01-26,56241083000,13548218625,11,1231656239,16,23,27,29,33,41,22
530,531,2013-02-02,57567064000,13693677750,9,1521519750,1,5,9,21,27,35,45
531,532,2013-02-09,61687384000,15518274000,7,2216896286,16,17,23,24,29,44,3
532,533,2013-02-16,59275357000,14285372625,8,1785671579,9,14,15,17,31,33,23
533,534,2013-02-23,59227462000,14215763250,1,14215763250,10,24,26,29,37,38,32
534,535,2013-03-02,60523884000,14806809000,3,4935603000,11,12,14,15,18,39,34
535,536,2013-03-09,59763469000,14393759625,11,1308523603,7,8,18,32,37,43,12
536,537,2013-03-16,59453323000,14728272375,7,2104038911,12,23,26,30,36,43,11
537,538,2013-03-23,59233373000,14064064875,3,4688021625,6,10,18,31,32,34,11
538,539,2013-03-30,59168870000,14589330000,9,1621036667,3,19,22,31,42,43,26
539,540,2013-04-06,56739658000,13925556750,7,1989365250,3,12,13,15,34,36,14
540,541,2013-04-13,57087047000,13962598875,11,1269327171,8,13,26,28,32,34,43
541,542,2013-04-20,56949161000,14010915375,6,2335152563,5,6,19,26,41,45,34
542,543,2013-04-27,56570245000,13355218125,12,1112934844,13,18,26,31,34,44,12
543,544,2013-05-04,56056189000,13603049625,13,1046388433,5,17,21,25,36,44,10
544,545,2013-05-11,55967171000,13188937875,11,1198994353,4,24,25,27,34,35,2
545,546,2013-05-18,56713166000,12178198500,30,405939950,8,17,20,27,37,43,6
546,547,2013-05-25,57968466000,14192222250,5,2838444450,6,7,15,22,34,39,28
547,548,2013-06-01,57771827000,13894975125,8,1736871891,1,12,13,21,32,45,14
548,549,2013-06-08,56864611000,14086440375,8,1760805047,29,31,35,38,40,44,17
549,550,2013-06-15,56441770000,12305471250,11,1118679205,1,7,14,20,34,37,41
550,551,2013-06-22,56989370000,13526973750,1,13526973750,3,6,20,24,27,44,25
551,552,2013-06-29,57602386000,13308242250,10,1330824225,1,10,20,32,35,40,43
552,553,2013-07-06,56487483000,13497788625,6,2249631438,2,7,17,28,29,39,37
553,554,2013-07-13,56124466000,13627787250,2,6813893625,13,14,17,32,41,42,6
554,555,2013-07-20,57273817000,13688218875,8,1711027360,11,17,21,24,26,36,12
555,556,2013-07-27,57374791000,14036464125,7,2005209161,12,20,23,28,30,44,43
556,557,2013-08-03,55086560000,13216485000,7,1888069286,4,20,26,28,35,40,31
557,558,2013-08-10,54939001000,13159136625,10,1315913663,12,15,19,26,40,43,29
558,559,2013-08-17,55733418000,13483019250,7,1926145608,11,12,25,32,44,45,23
559,560,2013-08-24,56565298000,13836880500,7,1976697215,1,4,20,23,29,45,28
560,561,2013-08-31,56638383000,13768561125,5,2753712225,5,7,18,37,42,45,20
561,562,2013-09-07,56288212000,12833640750,11,1166694614,4,11,13,17,20,31,33
562,563,2013-09-14,57320132000,13529149500,7,1932735643,5,10,16,17,31,32,21
563,564,2013-09-21,58012468000,13543608000,7,1934801143,14,19,25,26,27,34,2
564,565,2013-09-28,59556622000,13936515750,8,1742064469,4,10,18,27,40,45,38
565,566,2013-10-05,57666611000,14035804125,4,3508951032,4,5,6,25,26,43,41
566,567,2013-10-12,57439471000,13911956625,6,2318659438,1,10,15,16,32,41,28
567,568,2013-10-19,57681628000,13051675500,10,1305167550,1,3,17,20,31,44,40
568,569,2013-10-26,58441902000,13871700750,4,3467925188,3,6,13,23,24,35,1
569,570,2013-11-02,57654279000,13750124625,9,1527791625,1,12,26,27,29,33,42
570,571,2013-11-09,56493528000,13765769250,7,1966538465,11,18,21,26,38,43,29
571,572,2013-11-16,56473602000,13345729500,8,1668216188,3,13,18,33,37,45,1
572,573,2013-11-23,56092721000,13165534125,8,1645691766,2,4,20,34,35,43,14
573,574,2013-11-30,55882933000,13930369875,2,6965184938,14,15,16,19,25,43,2
574,575,2013-12-07,56330738000,13594143000,8,1699267875,2,8,20,30,33,34,6
575,576,2013-12-14,54691148000,12965898000,3,4321966000,10,11,15,25,35,41,13
576,577,2013-12-21,57010827000,13453315125,3,4484438375,16,17,22,31,34,37,33
577,578,2013-12-28,58584741000,13982332875,5,2796466575,5,12,14,32,34,42,16
578,579,2014-01-04,63532871000,15356752884,11,1396068444,5,7,20,22,37,42,39
579,580,2014-01-11,60514216000,14200273500,7,2028610500,5,7,9,11,32,35,33
580,581,2014-01-18,60257457000,14756436376,8,1844554547,3,5,14,20,42,44,33
581,582,2014-01-25,59306953000,14242234876,4,3560558719,2,12,14,33,40,41,25
582,583,2014-02-01,62675295000,14760331883,11,1341848353,8,17,27,33,40,44,24
583,584,2014-02-08,61343856000,15099549750,3,5033183250,7,18,30,39,40,41,36
584,585,2014-02-15,60253002000,14584917006,9,1620546334,6,7,10,16,38,41,4
585,586,2014-02-22,59502096000,14226834752,8,1778354344,2,7,12,15,21,34,5
586,587,2014-03-01,59715499000,14923732125,3,4974577375,14,21,29,31,32,37,17
587,588,2014-03-08,59533101000,14446710375,5,2889342075,2,8,15,22,25,41,30
588,589,2014-03-15,60643729000,14958145881,7,2136877983,6,8,28,33,38,39,22
589,590,2014-03-22,60003131000,15296287881,7,2185183983,20,30,36,38,41,45,23
590,591,2014-03-29,59373946000,14823381000,5,2964676200,8,13,14,30,38,39,5
591,592,2014-04-05,58097477000,14138290128,6,2356381688,2,5,6,13,28,44,43
592,593,2014-04-12,59368204000,13795501500,9,1532833500,9,10,13,24,33,38,28
593,594,2014-04-19,57764442000,13811520756,11,1255592796,2,8,13,25,28,37,3
594,595,2014-04-26,57797288000,13956201752,8,1744525219,8,24,28,35,38,40,5
595,596,2014-05-03,56561071000,13282676630,10,1328267663,3,4,12,14,25,43,17
596,597,2014-05-10,56832361000,13752967878,13,1057920606,8,10,23,24,35,43,37
597,598,2014-05-17,57518550000,13343977504,16,833998594,4,12,24,33,38,45,22
598,599,2014-05-24,57381791000,13687346632,8,1710918329,5,12,17,29,34,35,27
599,600,2014-05-31,56372519000,13526980875,15,901798725,5,11,14,27,29,36,44
600,601,2014-06-07,55868455000,13721086881,9,1524565209,2,16,19,31,34,35,37
601,602,2014-06-14,56262855000,13516246880,8,1689530860,13,14,22,27,30,38,2
602,603,2014-06-21,56276650000,13808546252,4,3452136563,2,19,25,26,27,43,28
603,604,2014-06-28,56266399000,13520557127,11,1229141557,2,6,18,21,33,34,30
604,605,2014-07-05,56622924000,12548090250,9,1394232250,1,2,7,9,10,38,42
605,606,2014-07-12,56928896000,13115668500,10,1311566850,1,5,6,14,20,39,22
606,607,2014-07-19,56806213000,13977923628,4,3494480907,8,14,23,36,38,39,13
607,608,2014-07-26,56146117000,13604710126,7,1943530018,4,8,18,19,39,44,41
608,609,2014-08-02,54858201000,12678622876,2,6339311438,4,8,27,34,39,40,13
609,610,2014-08-09,56862756000,14064073500,4,3516018375,14,18,20,23,28,36,33
610,611,2014-08-16,57411079000,14010824628,4,3502706157,2,22,27,33,36,37,14
611,612,2014-08-23,56931314000,12998757750,11,1181705250,6,9,18,19,25,33,40
612,613,2014-08-30,57986249000,13948480881,9,1549831209,7,8,11,16,41,44,35
613,614,2014-09-06,62301977000,15245852628,6,2540975438,8,21,25,39,40,44,18
614,615,2014-09-13,59072378000,13815561753,9,1535062417,10,17,18,19,23,27,35
615,616,2014-09-20,60303360000,14506301250,9,1611811250,5,13,18,23,40,45,3
616,617,2014-09-27,58958123000,13037614880,8,1629701860,4,5,11,12,24,27,28
617,618,2014-10-04,58550803000,14406631125,5,2881326225,8,16,25,30,42,43,15
618,619,2014-10-11,58822925000,13837438125,3,4612479375,6,8,13,30,35,40,21
619,620,2014-10-18,58342777000,14197982631,7,2028283233,2,16,17,32,39,45,40
620,621,2014-10-25,59407216000,14158341000,6,2359723500,1,2,6,16,19,42,9
621,622,2014-11-01,59601329000,14675384628,9,1630598292,9,15,16,21,28,34,24
622,623,2014-11-08,58504142000,14509620752,8,1813702594,7,13,30,39,41,45,25
623,624,2014-11-15,57832726000,13818647250,5,2763729450,1,7,19,26,27,35,16
624,625,2014-11-22,58614979000,13825923375,5,2765184675,3,6,7,20,21,39,13
625,626,2014-11-29,58986187000,13742968880,8,1717871110,13,14,26,33,40,43,15
626,627,2014-12-06,55981334000,13522306500,10,1352230650,2,9,22,25,31,45,12
627,628,2014-12-13,57253109000,13499485875,9,1499942875,1,7,12,15,23,42,11
628,629,2014-12-20,57618701000,14597167875,5,2919433575,19,28,31,38,43,44,1
629,630,2014-12-27,61335894000,14508916500,3,4836305500,8,17,21,24,27,31,15
630,631,2015-01-03,65300621000,15679414128,4,3919853532,1,2,4,23,31,34,8
631,632,2015-01-10,63066603000,15758464876,11,1432587716,15,18,21,32,35,44,6
632,633,2015-01-17,62015797000,14607085128,12,1217257094,9,12,19,20,39,41,13
633,634,2015-01-24,63149567000,14013156378,13,1077935106,4,10,11,12,20,27,38
634,635,2015-01-31,62429621000,14844697880,8,1855587235,11,13,25,26,29,33,32
635,636,2015-02-07,62786394000,14658897752,8,1832362219,6,7,15,16,20,31,26
636,637,2015-02-14,63504865000,15596964376,4,3899241094,3,16,22,37,38,44,23
637,638,2015-02-21,64319586000,15605822253,7,2229403179,7,18,22,24,31,34,6
638,639,2015-02-28,66202599000,16244740876,4,4061185219,6,15,22,23,25,32,40
639,640,2015-03-07,64080502000,15558919506,9,1728768834,14,15,18,21,26,35,23
640,641,2015-03-14,63773134000,15920596504,8,1990074563,11,18,21,36,37,43,12
641,642,2015-03-21,63544224000,15017525256,12,1251460438,8,17,18,24,39,45,32
642,643,2015-03-28,63110068000,15214581750,6,2535763625,15,24,31,32,33,40,13
643,644,2015-04-04,61846599000,14651609632,8,1831451204,5,13,17,23,28,36,8
644,645,2015-04-11,62661756000,14785191000,4,3696297750,1,4,16,26,40,41,31
645,646,2015-04-18,62308090000,15508488751,7,2215498393,2,9,24,41,43,45,30
646,647,2015-04-25,62314338000,15328079256,7,2189725608,5,16,21,23,24,30,29
647,648,2015-05-02,60874405000,14846915629,7,2120987947,13,19,28,37,38,43,4
648,649,2015-05-09,60473178000,14740210500,5,2948042100,3,21,22,33,41,42,20
649,650,2015-05-16,60991082000,14246494500,5,2849298900,3,4,7,11,31,41,35
650,651,2015-05-23,61494891000,14842451632,8,1855306454,11,12,16,26,29,44,18
651,652,2015-05-30,60426977000,15017417625,5,3003483525,3,13,15,40,41,44,20
652,653,2015-06-06,59716037000,13733421380,14,980958670,5,6,26,27,38,39,1
653,654,2015-06-13,60697813000,15034411128,8,1879301391,16,21,26,31,36,43,6
654,655,2015-06-20,60434801000,14952956625,9,1661439625,7,37,38,39,40,44,18
655,656,2015-06-27,61328118000,14660005500,2,7330002750,3,7,14,16,31,40,39
656,657,2015-07-04,61769837000,15252865128,9,1694762792,10,14,19,39,40,43,23
657,658,2015-07-11,61131243000,14706282375,9,1634031375,8,19,25,28,32,36,37
658,659,2015-07-18,61677747000,14702646376,11,1336604216,7,18,19,27,29,42,45
659,660,2015-07-25,60813322000,14212725750,10,1421272575,4,9,23,33,39,44,14
660,661,2015-08-01,59597375000,13704204376,8,1713025547,2,3,12,20,27,38,40
661,662,2015-08-08,59164542000,13517869504,8,1689733688,5,6,9,11,15,37,26
662,663,2015-08-15,61100704000,14561709001,7,2080244143,3,5,8,19,38,42,20
663,664,2015-08-22,61921689000,15368013380,10,1536801338,10,20,33,36,41,44,5
664,665,2015-08-29,61885874000,14572921500,4,3643230375,5,6,11,17,38,44,13
665,666,2015-09-05,62652917000,14381406378,6,2396901063,2,4,6,11,17,28,16
666,667,2015-09-12,63421632000,15601350751,7,2228764393,15,17,25,37,42,43,13
667,668,2015-09-19,63346405000,14955793125,5,2991158625,12,14,15,24,27,32,3
668,669,2015-09-26,67952211000,16249039128,6,2708173188,7,8,20,29,33,38,9
669,670,2015-10-03,62242687000,14300702628,12,1191725219,11,18,26,27,40,41,25
670,671,2015-10-10,63940807000,14889291376,4,3722322844,7,9,10,13,31,35,24
671,672,2015-10-17,63542330000,15792705000,9,1754745000,8,21,28,31,36,45,43
672,673,2015-10-24,63163578000,14914533000,10,1491453300,7,10,17,29,33,44,5
673,674,2015-10-31,61386974000,14164524000,8,1770565500,9,10,14,25,27,31,11
674,675,2015-11-07,60458623000,14058196128,4,3514549032,1,8,11,15,18,45,7
675,676,2015-11-14,62147642000,15037812000,8,1879726500,1,8,17,34,39,45,27
676,677,2015-11-21,62267624000,15368915256,8,1921114407,12,15,24,36,41,44,42
677,678,2015-11-28,60887293000,13730941128,6,2288490188,4,5,6,12,25,37,45
678,679,2015-12-05,62220918000,14315028000,5,2863005600,3,5,7,14,26,34,35
679,680,2015-12-12,64245201000,15547987882,14,1110570563,4,10,19,29,32,42,30
680,681,2015-12-19,63268253000,16177973628,6,2696328938,21,24,27,29,43,44,7
681,682,2015-12-26,66757858000,16254854252,4,4063713563,17,23,27,35,38,43,2
682,683,2016-01-02,71940091000,16174894128,16,1010930883,6,13,20,27,28,40,15
683,684,2016-01-09,66623887000,15199341381,9,1688815709,1,11,15,17,25,39,40
684,685,2016-01-16,69126675000,16438044381,11,1494367671,6,7,12,28,38,40,18
685,686,2016-01-23,65274010000,15500253752,8,1937531719,7,12,15,24,25,43,13
686,687,2016-01-30,68044669000,16320175878,6,2720029313,1,8,10,13,28,42,45
687,688,2016-02-06,73095612000,17707830750,9,1967536750,5,15,22,23,34,35,2
688,689,2016-02-13,67460147000,16252431377,7,2321775911,7,17,19,30,36,38,34
689,690,2016-02-20,69142025000,16897614375,15,1126507625,24,25,33,34,38,39,43
690,691,2016-02-27,68590328000,17035780500,6,2839296750,15,27,33,35,43,45,16
691,692,2016-03-05,66390499000,16108915879,7,2301273697,3,11,14,15,32,36,44
692,693,2016-03-12,67352935000,16427638130,10,1642763813,1,6,11,28,34,42,30
693,694,2016-03-19,67533257000,15550363880,10,1555036388,7,15,20,25,33,43,12
694,695,2016-03-26,67672085000,15952363130,11,1450214830,4,18,26,33,34,38,14
695,696,2016-04-02,67542971000,16320544130,10,1632054413,1,7,16,18,34,38,21
696,697,2016-04-09,66966141000,15314430380,10,1531443038,2,5,8,11,33,39,31
697,698,2016-04-16,66283268000,15368673000,8,1921084125,3,11,13,21,33,37,18
698,699,2016-04-23,66743146000,15963291000,8,1995411375,4,5,8,16,21,29,3
699,700,2016-04-30,66846276000,16656793504,8,2082099188,11,23,28,29,30,44,13
700,701,2016-05-07,64454138000,15831831750,10,1583183175,3,10,14,16,36,38,35
701,702,2016-05-14,66219854000,16116005257,11,1465091387,3,13,16,24,26,29,9
702,703,2016-05-21,65728988000,16178920500,5,3235784100,10,28,31,33,41,44,21
703,704,2016-05-28,65930117000,15460761376,4,3865190344,1,4,8,23,33,42,45
704,705,2016-06-04,65859843000,15948826128,4,3987206532,1,6,17,22,28,45,23
705,706,2016-06-11,65723488000,15326984252,4,3831746063,3,4,6,10,28,30,37
706,707,2016-06-18,66813924000,15866007756,12,1322167313,2,12,19,24,39,44,35
707,708,2016-06-25,66806307000,16398208876,4,4099552219,2,10,16,19,34,45,1
708,709,2016-07-02,65592504000,16313802750,14,1165271625,10,18,30,36,39,44,32
709,710,2016-07-09,65083972000,14477205750,5,2895441150,3,4,9,24,25,33,10
710,711,2016-07-16,66152746000,15941893506,7,2277413358,11,15,24,35,37,45,42
711,712,2016-07-23,66136318000,16137940500,4,4034485125,17,20,30,31,33,45,19
712,713,2016-07-30,64646552000,15432488253,9,1714720917,2,5,15,18,19,23,44
713,714,2016-08-06,64099989000,14595922131,7,2085131733,1,7,22,33,37,40,20
714,715,2016-08-13,65794607000,15633062628,6,2605510438,2,7,27,33,41,44,10
715,716,2016-08-20,67040169000,16305025884,12,1358752157,2,6,13,16,29,30,21
716,717,2016-08-27,68597839000,16214602128,6,2702433688,2,11,19,25,28,32,44
717,718,2016-09-03,69400763000,15744829888,17,926166464,4,11,20,23,32,39,40
718,719,2016-09-10,71378392000,16916232006,9,1879581334,4,8,13,19,20,43,26
719,720,2016-09-17,69939090000,17272785012,14,1233770358,1,12,29,34,36,37,41
720,721,2016-09-24,71627567000,18190138880,8,2273767360,1,28,35,41,43,44,31
721,722,2016-10-01,69446489000,17461690876,4,4365422719,12,14,21,30,39,43,45
722,723,2016-10-08,67750231000,16914922880,8,2114365360,20,30,33,35,36,44,22
723,724,2016-10-15,69987274000,17133477756,12,1427789813,2,8,33,35,37,41,14
724,725,2016-10-22,70208676000,17371389750,11,1579217250,6,7,19,21,41,43,38
725,726,2016-10-29,68799295000,16336216876,14,1166872634,1,11,21,23,34,44,24
726,727,2016-11-05,67559139000,15611508388,14,1115107742,7,8,10,19,21,31,20
727,728,2016-11-12,68306112000,16217322000,5,3243464400,3,6,10,30,34,37,36
728,729,2016-11-19,68784161000,16793002876,4,4198250719,11,17,21,26,36,45,16
729,730,2016-11-26,66934105000,16139056880,8,2017382110,4,10,14,15,18,22,39
730,731,2016-12-03,69239673000,16383297378,7,2340471054,2,7,13,25,42,45,39
731,732,2016-12-10,68645948000,15422894256,7,2203270608,2,4,5,17,27,32,43
732,733,2016-12-17,69321488000,16066900500,4,4016725125,11,24,32,33,35,40,13
733,734,2016-12-24,71457582000,17544559500,9,1949395500,6,16,37,38,41,45,18
734,735,2016-12-31,77488209000,18472315880,10,1847231588,5,10,13,27,37,41,4
735,736,2017-01-07,73510203000,16986811125,5,3397362225,2,11,17,18,21,27,6
736,737,2017-01-14,70775944000,17132244000,4,4283061000,13,15,18,24,27,41,11
737,738,2017-01-21,71768122000,17976102001,11,1634191091,23,27,28,38,42,43,36
738,739,2017-01-28,77999661000,18976489128,4,4744122282,7,22,29,33,34,35,30
739,740,2017-02-04,75186520000,16864736256,18,936929792,4,8,9,16,17,19,31
740,741,2017-02-11,74392585000,18261575628,6,3043595938,5,21,27,34,44,45,16
741,742,2017-02-18,73857792000,17789037008,16,1111814813,8,10,13,36,37,40,6
742,743,2017-02-25,73436852000,18260487000,7,2608641000,15,19,21,34,41,44,10
743,744,2017-03-04,73507293000,17331173625,15,1155411575,10,15,18,21,34,41,43
744,745,2017-03-11,73575119000,14936459640,20,746822982,1,2,3,9,12,23,10
745,746,2017-03-18,74239579000,18347613381,9,2038623709,3,12,33,36,42,45,25
746,747,2017-03-25,73337880000,17128931256,9,1903214584,7,9,12,14,23,28,17
747,748,2017-04-01,72750277000,17354218878,9,1928246542,3,10,13,22,31,32,29
748,749,2017-04-08,72252889000,17551357135,13,1350104395,12,14,24,26,34,45,41
749,750,2017-04-15,72248100000,17654730002,7,2522104286,1,2,15,19,24,36,12
750,751,2017-04-22,71534233000,16783744880,8,2097968110,3,4,16,20,28,44,17
751,752,2017-04-29,71600822000,16833229506,9,1870358834,4,16,20,33,40,43,7
752,753,2017-05-06,68915001000,16266630378,6,2711105063,2,17,19,24,37,41,3
753,754,2017-05-13,70765850000,17137710000,5,3427542000,2,8,17,24,29,31,32
754,755,2017-05-20,71300635000,17715418128,8,2214427266,13,14,26,28,30,36,37
755,756,2017-05-27,70992946000,17072173500,5,3414434700,10,14,16,18,27,28,4
756,757,2017-06-03,71053002000,15536637018,21,739839858,6,7,11,17,33,44,1
757,758,2017-06-10,71764259000,16631759632,8,2078969954,5,9,12,30,39,43,24
758,759,2017-06-17,72632208000,18196023000,6,3032670500,9,33,36,40,42,43,32
759,760,2017-06-24,72200797000,18026395128,8,2253299391,10,22,27,31,42,43,12
760,761,2017-07-01,71415903000,16749113626,7,2392730518,4,7,11,24,42,45,30
761,762,2017-07-08,70558895000,16314320630,10,1631432063,1,3,12,21,26,41,16
762,763,2017-07-15,70652100000,17105040000,8,2138130000,3,8,16,32,34,43,10
763,764,2017-07-22,70318932000,17219828255,7,2459975465,7,22,24,31,34,36,15
764,765,2017-07-29,70972360000,16638213750,15,1109214250,1,3,8,12,42,43,33
765,766,2017-08-05,69500769000,17389098376,8,2173637297,9,30,34,35,39,41,21
766,767,2017-08-12,71285599000,17456530875,15,1163768725,5,15,20,31,34,42,22
767,768,2017-08-19,72306975000,17726439380,13,1363572260,7,27,29,30,38,44,4
768,769,2017-08-26,72873431000,17376840378,9,1930760042,5,7,11,16,41,45,4
769,770,2017-09-02,74166379000,17304794632,8,2163099329,1,9,12,23,39,43,34
770,771,2017-09-09,73545939000,17450579628,4,4362644907,6,10,17,18,21,29,30
771,772,2017-09-16,74375369000,17696088380,10,1769608838,5,6,11,14,21,41,32
772,773,2017-09-23,74560597000,17703433880,11,1609403080,8,12,19,21,31,35,44
773,774,2017-09-30,77347021000,18806936632,11,1709721512,12,15,18,28,34,42,9
774,775,2017-10-07,70795452000,17352188250,5,3470437650,11,12,29,33,38,42,17
775,776,2017-10-14,74826082000,17903055751,7,2557579393,8,9,18,21,28,40,20
776,777,2017-10-21,75534360000,17502828756,21,833468036,6,12,17,21,34,37,18
777,778,2017-10-28,75075606000,18792208500,3,6264069500,6,21,35,36,37,41,11
778,779,2017-11-04,73773676000,16804802256,11,1527709296,6,12,19,24,34,41,4
779,780,2017-11-11,74232084000,18342721507,11,1667520137,15,17,19,21,27,45,16
780,781,2017-11-18,72483157000,16946023878,9,1882891542,11,16,18,19,24,39,43
781,782,2017-11-25,72253973000,17518388625,9,1946487625,6,18,31,34,38,45,20
782,783,2017-12-02,73525256000,18415858500,4,4603964625,14,15,16,17,38,45,36
783,784,2017-12-09,74311382000,17178102000,9,1908678000,3,10,23,24,31,39,22
784,785,2017-12-16,72974563000,17319736128,6,2886622688,4,6,15,25,26,33,40
785,786,2017-12-23,75930156000,18205461000,4,4551365250,12,15,16,20,24,30,38
786,787,2017-12-30,79593923000,18552649878,6,3092108313,5,6,13,16,27,28,9
787,788,2018-01-06,78121882000,18219177002,13,1401475154,2,10,11,19,35,39,29
788,789,2018-01-13,76136603000,17114652375,15,1140976825,2,6,7,12,19,45,38
789,790,2018-01-20,78978881000,18568260384,16,1160516274,3,8,19,27,30,41,12
790,791,2018-01-27,74205844000,17543146502,14,1253081893,2,10,12,31,33,42,32
791,792,2018-02-03,76339003000,18590157376,7,2655736768,2,7,19,25,29,36,16
792,793,2018-02-10,76177477000,18750733875,5,3750146775,10,15,21,35,38,43,31
793,794,2018-02-17,79941579000,18556582128,7,2650940304,6,7,18,19,30,38,13
794,795,2018-02-24,79661342000,18864747000,11,1714977000,3,10,13,26,34,38,36
795,796,2018-03-03,77685943000,19344432380,7,2763490340,1,21,26,36,40,41,5
796,797,2018-03-10,77339940000,19176225000,8,2397028125,5,22,31,32,39,45,36
797,798,2018-03-17,77038759000,18975543377,7,2710791911,2,10,14,22,32,36,41
798,799,2018-03-24,76708986000,18264272250,10,1826427225,12,17,23,34,42,45,33
799,800,2018-03-31,76994062000,17954708255,11,1632246205,1,4,10,12,28,45,26
800,801,2018-04-07,74034792000,18054293256,8,2256786657,17,25,28,37,43,44,2
801,802,2018-04-14,75146781000,17327167888,16,1082947993,10,11,12,18,24,42,27
802,803,2018-04-21,75670793000,18319051125,5,3663810225,5,9,14,26,30,43,2
803,804,2018-04-28,74557028000,17951961753,11,1631996523,1,10,13,26,32,36,9
804,805,2018-05-05,73065981000,17064247876,4,4266061969,3,12,13,18,31,32,42
805,806,2018-05-12,74030583000,18485326125,7,2640760875,14,20,23,31,37,38,27
806,807,2018-05-19,73831580000,17063636254,7,2437662322,6,10,18,25,34,35,33
807,808,2018-05-26,74911438000,18525723000,6,3087620500,15,21,31,32,41,43,24
808,809,2018-06-02,74214104000,17528236500,6,2921372750,6,11,15,17,23,40,39
809,810,2018-06-09,74388355000,17852784376,8,2231598047,5,10,13,21,39,43,11
810,811,2018-06-16,74570813000,17669037379,7,2524148197,8,11,19,21,36,45,25
811,812,2018-06-23,74147816000,17687728500,6,2947954750,1,3,12,14,16,43,10
812,813,2018-06-30,73394947000,18367052628,4,4591763157,11,30,34,35,42,44,27
813,814,2018-07-07,74316543000,18403152378,6,3067192063,2,21,28,38,42,45,30
814,815,2018-07-14,73416400000,18058987506,7,2579855358,17,21,25,26,27,36,4
815,816,2018-07-21,72397826000,17024863504,8,2128107938,12,18,19,29,31,39,7
816,817,2018-07-28,72552766000,16816296006,9,1868477334,3,9,12,13,25,43,34
817,818,2018-08-04,71793353000,17950456134,13,1380804318,14,15,25,28,29,30,3
818,819,2018-08-11,74578907000,18161743880,7,2594534840,16,25,33,38,40,45,15
819,820,2018-08-18,75744571000,18509254128,4,4627313532,10,21,22,30,35,42,6
820,821,2018-08-25,76118239000,18426183384,14,1316155956,1,12,13,24,29,44,16
821,822,2018-09-01,75681739000,17792695875,3,5930898625,9,18,20,24,27,36,12
822,823,2018-09-08,77400124000,18088595253,9,2009843917,12,18,24,26,39,40,15
823,824,2018-09-15,78257422000,18849698250,15,1256646550,7,9,24,29,34,38,26
824,825,2018-09-22,82890578000,19904526756,12,1658710563,8,15,21,31,33,38,42
825,826,2018-09-29,78218740000,18676728756,9,2075192084,13,16,24,25,33,36,42
826,827,2018-10-06,76490125000,18097505625,15,1206500375,5,11,12,29,33,44,14
827,828,2018-10-13,77552827000,18917417636,13,1455185972,4,7,13,29,31,39,18
828,829,2018-10-20,77998807000,19557205128,8,2444650641,4,5,31,35,43,45,29
829,830,2018-10-27,77714000000,18544758750,9,2060528750,5,6,16,18,37,38,17
830,831,2018-11-03,77622753000,17771236128,16,1110702258,3,10,16,19,31,39,9
831,832,2018-11-10,77411900000,18793841256,9,2088204584,13,14,19,26,40,43,30
832,833,2018-11-17,77738402000,18850538256,8,2356317282,12,18,30,39,41,42,19
833,834,2018-11-24,75941791000,18597630381,11,1690693671,6,8,18,35,42,43,3
834,835,2018-12-01,77694435000,18505216875,15,1233681125,9,10,13,28,38,45,35
835,836,2018-12-08,74536697000,17609811380,14,1257843670,1,9,11,14,26,28,19
836,837,2018-12-15,76614176000,18866694750,6,3144449125,2,25,28,30,33,45,6
837,838,2018-12-22,79414484000,19068665250,5,3813733050,9,14,17,33,36,38,20
838,839,2018-12-29,79219710000,17672913752,13,1359454904,3,9,11,12,13,19,35
839,840,2019-01-05,84057771000,20429617880,10,2042961788,2,4,11,28,29,43,27
840,841,2019-01-12,81580789000,18973627138,17,1116095714,5,11,14,30,33,38,24
841,842,2019-01-19,81957444000,20354750250,10,2035475025,14,26,32,36,39,42,38
842,843,2019-01-26,81857498000,20064850500,5,4012970100,19,21,30,33,34,42,4
843,844,2019-02-02,87805610000,20933343756,18,1162963542,7,8,13,15,33,45,18
844,845,2019-02-09,83884034000,20803389002,11,1891217182,1,16,29,33,40,45,6
845,846,2019-02-16,83936839000,20759497135,13,1596884395,5,18,30,41,43,45,13
846,847,2019-02-23,83782512000,20166773256,8,2520846657,12,16,26,28,30,42,22
847,848,2019-03-02,84523266000,21081066006,7,3011580858,1,2,16,22,38,39,34
848,849,2019-03-09,82333674000,19690299011,17,1158252883,5,13,17,29,34,39,3
849,850,2019-03-16,81474176000,20265527250,6,3377587875,16,20,24,28,36,39,5
850,851,2019-03-23,81099116000,19869538504,8,2483692313,14,18,22,26,31,44,40
851,852,2019-03-30,81470793000,19206173628,4,4801543407,11,17,28,30,33,35,9
852,853,2019-04-06,82244370000,20195047502,7,2885006786,2,8,23,26,27,44,13
853,854,2019-04-13,81823338000,20530240500,6,3421706750,20,25,31,32,36,43,3
854,855,2019-04-20,82374732000,20425594500,9,2269510500,8,15,17,19,43,44,7
855,856,2019-04-27,80496424000,19889637750,5,3977927550,10,24,40,41,43,44,17
856,857,2019-05-04,80933117000,19273731375,15,1284915425,6,10,16,28,34,38,43
857,858,2019-05-11,81366889000,19821127131,9,2202347459,9,13,32,38,39,43,23
858,859,2019-05-18,80944223000,20393202379,11,1853927489,8,22,35,38,39,41,24
859,860,2019-05-25,81846672000,18798998250,10,1879899825,4,8,18,25,27,32,42
860,861,2019-06-01,81032551000,19488435376,4,4872108844,11,17,19,21,22,25,24
861,862,2019-06-08,80609005000,19718304381,9,2190922709,10,34,38,40,42,43,32
862,863,2019-06-15,81288540000,19973501254,7,2853357322,16,21,28,35,39,43,12
863,864,2019-06-22,82220290000,18882090007,11,1716553637,3,7,10,13,25,36,32
864,865,2019-06-29,81748217000,20172478885,13,1551729145,3,15,22,32,33,45,2
865,866,2019-07-06,81961886000,20163681000,9,2240409000,9,15,29,34,37,39,12
866,867,2019-07-13,81607190000,19668776250,5,3933755250,14,17,19,22,24,40,41
867,868,2019-07-20,80549078000,19402825500,6,3233804250,12,17,28,41,43,44,25
868,869,2019-07-27,80268389000,19225825880,10,1922582588,2,6,20,27,37,39,4
869,870,2019-08-03,78688663000,19288429880,10,1928842988,21,25,30,32,40,42,31
870,871,2019-08-10,79527502000,19026499506,7,2718071358,2,6,12,26,30,34,38
871,872,2019-08-17,81002518000,20203289264,16,1262705579,2,4,30,32,33,43,29
872,873,2019-08-24,82375586000,18745532250,10,1874553225,3,5,12,13,33,39,38
873,874,2019-08-31,82990138000,20108230506,18,1117123917,1,15,19,23,28,42,32
874,875,2019-09-07,80635281000,19823254136,14,1415946724,19,22,30,34,39,44,36
875,876,2019-09-14,85088368000,20722499264,19,1090657856,5,16,21,26,34,42,24
876,877,2019-09-21,84584730000,20599286256,12,1716607188,5,17,18,22,23,43,12
877,878,2019-09-28,84183676000,19247961000,6,3207993500,2,6,11,16,25,31,3
878,879,2019-10-05,83174251000,19238167878,6,3206361313,1,4,10,14,15,35,20
879,880,2019-10-12,83862502000,19864673255,7,2837810465,7,17,19,23,24,45,38
880,881,2019-10-19,84495552000,20025698256,8,2503212282,4,18,20,26,27,32,9
881,882,2019-10-26,84351602000,20636352000,5,4127270400,18,34,39,43,44,45,23
882,883,2019-11-02,85624171000,20407792875,15,1360519525,9,18,32,33,37,44,22
883,884,2019-11-09,86554613000,21588927384,12,1799077282,4,14,23,28,37,45,17
884,885,2019-11-16,83396319000,20069823384,13,1543832568,1,3,24,27,39,45,31
885,886,2019-11-23,84186094000,20822506502,7,2974643786,19,23,28,37,42,45,2
886,887,2019-11-30,84416872000,20282149504,8,2535268688,8,14,17,27,36,45,10
887,888,2019-12-07,82777313000,18962873632,8,2370359204,3,7,12,31,34,38,32
888,889,2019-12-14,86734222000,21089869500,10,2108986950,3,13,29,38,39,42,26
889,890,2019-12-21,86693498000,21019375503,9,2335486167,1,4,14,18,29,37,6
890,891,2019-12-28,89742677000,21578717629,7,3082673947,9,13,28,31,39,41,19
891,892,2020-01-04,93091115000,21794296888,17,1282017464,4,9,17,18,26,42,36
892,893,2020-01-11,87661567000,21396902625,9,2377433625,1,15,17,23,25,41,10
893,894,2020-01-18,88465183000,21401423631,9,2377935959,19,32,37,40,41,43,45
894,895,2020-01-25,96962255000,23136950628,12,1928079219,16,26,31,38,39,41,23
895,896,2020-02-01,90461998000,21372554252,7,3053222036,5,12,25,26,38,45,23
896,897,2020-02-08,88231474000,21058992760,13,1619922520,6,7,12,22,26,36,29
897,898,2020-02-15,90067839000,21114505880,8,2639313235,18,21,28,35,37,42,17
898,899,2020-02-22,85877347000,20156136378,6,3359356063,8,19,20,21,33,39,37
899,900,2020-02-29,83639372000,20099108250,6,3349851375,7,13,16,18,35,38,14
900,901,2020-03-07,84783962000,20411772003,9,2267974667,5,18,20,23,30,34,21
901,902,2020-03-14,87501981000,21051127877,13,1619317529,7,19,23,24,36,39,30
902,903,2020-03-21,88625160000,21899568756,13,1684582212,2,15,16,21,22,28,45
903,904,2020-03-28,88938220000,21744622504,8,2718077813,2,6,8,26,43,45,11
904,905,2020-04-04,90357634000,21125037752,7,3017862536,3,4,16,27,38,40,20
905,906,2020-04-11,90948274000,22253465250,9,2472607250,2,5,14,28,31,32,20
906,907,2020-04-18,89331282000,22155413252,7,3165059036,21,27,29,38,40,44,37
907,908,2020-04-25,89923601000,22678849128,8,2834856141,3,16,21,22,23,44,30
908,909,2020-05-02,89543261000,22231691625,11,2021062875,7,24,29,30,34,35,33
